,LocalVenda,Marca,preco,data,descricao,link
0,Magalu,," 459,99",01/03/24,"Monitor Gamer LG 21.5 LED Full HD, 75Hz, 5ms, HDMI, FreeSync - 22MP410-B",https://www.magazineluiza.com.br/monitor-gamer-lg-21-5-led-full-hd-75hz-5ms-hdmi-freesync-22mp410-b/p/gehe1ka73d/in/mogm/
1,Magalu,," 500,31",01/03/24,"Monitor Gamer Pichau Athen V2L 21, 21.5 Pol., IPS, FHD, 1ms, 75Hz, FreeSync, VGA/HDMI, PG-ATHV2L21-BL01",https://www.magazineluiza.com.br/monitor-gamer-pichau-athen-v2l-21-21-5-pol-ips-fhd-1ms-75hz-freesync-vga-hdmi-pg-athv2l21-bl01/p/ga2f69h4e1/in/mogm/
2,Magalu,," 449,90",01/03/24,"Monitor AOC 21.5 Pol, FULL HD, LCD, LED, VGA, HDMI, E2270SWHEN",https://www.magazineluiza.com.br/monitor-aoc-21-5-pol-full-hd-lcd-led-vga-hdmi-e2270swhen/p/ded08e8f7h/in/mnpc/
3,Magalu,," 851,22",01/03/24,Monitor Gamer Redragon Thugga 21.5 75Hz Led Fhd 7Ms Bm21V13,https://www.magazineluiza.com.br/monitor-gamer-redragon-thugga-21-5-75hz-led-fhd-7ms-bm21v13/p/jj6cdd78dg/in/mogm/
4,Magalu,," 760,31",01/03/24,"Monitor gamer FULL HD Samsung 21.5"" 60Hz 5ms LS22F350FH",https://www.magazineluiza.com.br/monitor-gamer-full-hd-samsung-21-5-60hz-5ms-ls22f350fh/p/db364g01jg/in/mogm/
5,Magalu,," 464,63",01/03/24,"Monitor gamer Philips V 221V8 LCD 21.5"" preto 100V/240V",https://www.magazineluiza.com.br/monitor-gamer-philips-v-221v8-lcd-21-5-preto-100v-240v/p/fb293a53c0/in/mogm/
6,Magalu,," 779,00",01/03/24,Monitor Dell 21.5 Se2222h,https://www.magazineluiza.com.br/monitor-dell-21-5-se2222h/p/gegg4161gh/in/mnpc/
7,Magalu,," 1.109,00",01/03/24,Monitor Acer Led Hd De 21.5 Pol S212Hl Wide Full,https://www.magazineluiza.com.br/monitor-acer-led-hd-de-21-5-pol-s212hl-wide-full/p/ajejd2fga3/in/mnpc/
8,Magalu,," 581,03",01/03/24,"Monitor Lenovo ThinkVision 21.5"" S22e-19 VGA HDMI",https://www.magazineluiza.com.br/monitor-lenovo-thinkvision-21-5-s22e-19-vga-hdmi/p/jjccbdkkdf/in/mnpc/
9,Magalu,," 581,90",01/03/24,"Monitor AOC 21.5' LED, Wide, Full HD, HDMI/VGA, VESA - E2270SWHEN",https://www.magazineluiza.com.br/monitor-aoc-21-5-led-wide-full-hd-hdmi-vga-vesa-e2270swhen/p/gh53eef0e9/in/mnpc/
10,Magalu,," 580,74",01/03/24,"Monitor Acer 21.5"" EA220Q, Preto, FHD, 100Hz, 8ms, AMD Radeon FreeSync, Zero Frame",https://www.magazineluiza.com.br/monitor-acer-21-5-ea220q-preto-fhd-100hz-8ms-amd-radeon-freesync-zero-frame/p/da3j95b7e0/in/mnpc/
11,Magalu,," 719,10",01/03/24,"Monitor LCD LED Full HD antirreflexo 21.5"" Lenovo ThinkVision S22e-18 VGA+HDMI Base LTPS (movel)",https://www.magazineluiza.com.br/monitor-lcd-led-full-hd-antirreflexo-21-5-lenovo-thinkvision-s22e-18-vga-hdmi-base-ltps-movel/p/ga74jgg16b/in/mnpc/
12,Magalu,," 745,93",01/03/24,Monitor philips 21.5 branco 221v8lw,https://www.magazineluiza.com.br/monitor-philips-21-5-branco-221v8lw/p/ec385abdbf/in/mnpc/
13,Magalu,," 512,91",01/03/24,"Monitor LED 21,5 polegadas MR-215 C3Tech",https://www.magazineluiza.com.br/monitor-led-215-polegadas-mr-215-c3tech/p/fea34akc49/in/mnpc/
14,Magalu,," 712,95",01/03/24,Monitor Led 21.5 Polegadas Fullhd Widescreen Branco Hdmi/vga,https://www.magazineluiza.com.br/monitor-led-21-5-polegadas-fullhd-widescreen-branco-hdmi-vga-hq/p/gd23d0f7h5/in/mnpc/
15,Magalu,," 388,00",01/03/24,"Monitor Brazilpc 21.5 FHD LED Widescreen, 75Hz, HDMI/VGA",https://www.magazineluiza.com.br/monitor-brazilpc-21-5-fhd-led-widescreen-75hz-hdmi-vga-brazil-pc/p/jb1a8201kk/in/mnpc/
16,Magalu,," 703,45",01/03/24,"Monitor AOC 22P2ES 21.5"" LED 75Hz FHD com Base Ajustável - 22P2ES",https://www.magazineluiza.com.br/monitor-aoc-22p2es-21-5-led-75hz-fhd-com-base-ajustavel-22p2es/p/kbe568826a/in/mnpc/
17,Magalu,," 809,85",01/03/24,Monitor ips 21.5 aoc 22p2es wide fhd pivot ajuste altura vga/hdmi/dp vesa preto,https://www.magazineluiza.com.br/monitor-ips-21-5-aoc-22p2es-wide-fhd-pivot-ajuste-altura-vga-hdmi-dp-vesa-preto/p/egjfh14921/in/mnpc/
18,Magalu,," 522,83",01/03/24,Monitor Aoc Led 21.5 Polegadas Fhd E2270SWHEN Preto,https://www.magazineluiza.com.br/monitor-aoc-led-21-5-polegadas-fhd-e2270swhen-preto/p/kb24hf5djg/in/mnpc/
19,Magalu,," 702,28",01/03/24,Monitor LED MmBox 21.5''( VGA/ HDMI/ Audio/ 75HZ) 1920x1080 - D-MNS215,https://www.magazineluiza.com.br/monitor-led-mmbox-21-5-vga-hdmi-audio-75hz-1920x1080-d-mns215-grasep/p/ehc5j508h7/in/mnpc/
20,Magalu,," 1.197,95",01/03/24,Monitor Dell 21.5 Mod Se2222h,https://www.magazineluiza.com.br/monitor-dell-21-5-mod-se2222h/p/hd11jc72be/in/mnpc/
21,Magalu,," 508,23",01/03/24,Monitor PCFort T217 21.5'' IPS VGA - HDMI - VESA,https://www.magazineluiza.com.br/monitor-pcfort-t217-21-5-ips-vga-hdmi-vesa/p/kg82je1187/in/mnpc/
22,Magalu,," 429,90",01/03/24,"Monitor 21.5"" LED HDMI VGA Widescreen MBRXNACEB215BK - Naceb",https://www.magazineluiza.com.br/monitor-21-5-led-hdmi-vga-widescreen-mbrxnaceb215bk-naceb/p/bb7546ec7k/in/mnpc/
23,Magalu,," 779,00",01/03/24,Monitor Gamer LG 21.5 Preto 100v/240v,https://www.magazineluiza.com.br/monitor-gamer-lg-21-5-preto-100v-240v/p/ef3e69hhjh/in/mogm/
24,Magalu,," 1.852,60",01/03/24,"Monitor Dell P2222H, 21.5"", FHD, 60Hz, 5ms, sRGB",https://www.magazineluiza.com.br/monitor-dell-p2222h-21-5-fhd-60hz-5ms-srgb/p/ff44cc17e6/in/mnpc/
25,Magalu,," 760,31",01/03/24,"Monitor gamer FULL HD Samsung 21.5"" 60Hz 5ms LS22F350FH",https://www.magazineluiza.com.br/monitor-gamer-full-hd-samsung-21-5-60hz-5ms-ls22f350fh/p/ak51ghb5ek/in/mogm/
26,Magalu,," 890,00",01/03/24,"Monitor AOC 21.5' LED, Wide, Full HD, HDMI/VGA, VESA - E2270SWHEN",https://www.magazineluiza.com.br/monitor-aoc-21-5-led-wide-full-hd-hdmi-vga-vesa-e2270swhen/p/dag4hgc0jc/in/mnpc/
27,Magalu,," 693,55",01/03/24,Monitor LED MmBox 21.5''( VGA/ HDMI/ Audio/ 75HZ) 1920x1080 - D-MNS215,https://www.magazineluiza.com.br/monitor-led-mmbox-21-5-vga-hdmi-audio-75hz-1920x1080-d-mns215-grasep/p/gj85k2f4k4/in/mnpc/
28,Magalu,," 863,20",01/03/24,"Monitor Philips 221V8L, 21.5"", Wide, FHD, 75Hz, 4ms, sRGB",https://www.magazineluiza.com.br/monitor-philips-221v8l-21-5-wide-fhd-75hz-4ms-srgb/p/db48585bdf/in/mnpc/
29,Magalu,," 899,98",01/03/24,"DELL Monitor de 21.5"" SE2222H, Preto",https://www.magazineluiza.com.br/dell-monitor-de-21-5-se2222h-preto/p/aa16fk845c/in/mnpc/
30,Magalu,," 989,10",01/03/24,"Monitor Lenovo ThinkVision T22i-30 21.5"" 63B0MAR1BR",https://www.magazineluiza.com.br/monitor-lenovo-thinkvision-t22i-30-21-5-63b0mar1br/p/bb6bf24kk1/in/mnpc/
31,Magalu,," 1.256,35",01/03/24,"Monitor Aoc 21.5' Led, Wide, Full Hd, Hdmi/vga, Vesa - E2270swhen",https://www.magazineluiza.com.br/monitor-aoc-21-5-led-wide-full-hd-hdmi-vga-vesa-e2270swhen/p/cf6jfdc8ca/in/mnpc/
32,Magalu,," 724,93",01/03/24,Monitor HQ 21.5HQ-LED 21.5 LED HDMI VGA 1920x1080 Preto,https://www.magazineluiza.com.br/monitor-hq-21-5hq-led-21-5-led-hdmi-vga-1920x1080-preto/p/kkkjba8a80/in/mnpc/
33,Magalu,," 1.600,00",01/03/24,"Monitor Lenovo ThinkVision T22i-10 21.5"", Led FullHD 60Hz, VGA/HDMI/DP, Preto - 61A9MHR1BR",https://www.magazineluiza.com.br/monitor-lenovo-thinkvision-t22i-10-21-5-led-fullhd-60hz-vga-hdmi-dp-preto-61a9mhr1br/p/gbfc3k88ag/in/mnpc/
34,Magalu,," 1.072,22",01/03/24,Monitor AOC 215 LED 75HZ FHD com Base Ajustável 22P2ES,https://www.magazineluiza.com.br/monitor-aoc-215-led-75hz-fhd-com-base-ajustavel-22p2es/p/aa6jaa5055/in/mnpc/
35,Magalu,," 481,95",01/03/24,Monitor Brazilpc Led 21.5 22w-xie Fhd 75hz Preto Wid Box,https://www.magazineluiza.com.br/monitor-brazilpc-led-21-5-22w-xie-fhd-75hz-preto-wid-box/p/dcfbgh60kf/in/mnpc/
36,Magalu,," 922,52",01/03/24,Monitor Lg Led 21.5 22Mk400H Wide Fullhd Hdmi 22Mk400H-BAwzm,https://www.magazineluiza.com.br/monitor-lg-led-21-5-22mk400h-wide-fullhd-hdmi-22mk400h-bawzm-lg-informatica/p/ef0fkaab1e/in/mnpc/
37,Magalu,," 1.588,19",01/03/24,"Monitor de LED 21.5"" E2222HS Dell",https://www.magazineluiza.com.br/monitor-de-led-21-5-e2222hs-dell/p/cj7j4fab59/in/mnpc/
38,Magalu,," 465,50",01/03/24,Monitor MNBox LED 21.5'' HDMI D-MN003,https://www.magazineluiza.com.br/monitor-mnbox-led-21-5-hdmi-d-mn003/p/be0g2cj962/in/mnpc/
39,Magalu,," 1.375,46",01/03/24,"Monitor Acer 21.5"" V226HQL Bbi LCD LED Full HD/VGA/HDMI - Bivolt",https://www.magazineluiza.com.br/monitor-acer-21-5-v226hql-bbi-lcd-led-full-hd-vga-hdmi-bivolt/p/aag3a0dbb6/in/mnpc/
40,Magalu,," 760,31",01/03/24,"Monitor gamer Samsung LS22F350FH led 21.5"" preto 100V/240V",https://www.magazineluiza.com.br/monitor-gamer-samsung-ls22f350fh-led-21-5-preto-100v-240v/p/ff9bf42223/in/mogm/
41,Magalu,," 940,80",01/03/24,"Monitor 21.5"" LED Philips 221V8L VGA/HDMI Vesa Preto Bivolt",https://www.magazineluiza.com.br/monitor-21-5-led-philips-221v8l-vga-hdmi-vesa-preto-bivolt/p/hf9hgb8j80/in/mnpc/
42,Magalu,," 1.109,00",01/03/24,Monitor Acer Led Hd De 21.5 Pol S212Hl Wide Full,https://www.magazineluiza.com.br/monitor-acer-led-hd-de-21-5-pol-s212hl-wide-full/p/be02hd9738/in/mnpc/
43,Magalu,," 1.006,20",01/03/24,Monitor Acer Lcd De 21.5 Pol G215Hv Wide,https://www.magazineluiza.com.br/monitor-acer-lcd-de-21-5-pol-g215hv-wide/p/kggh8294dd/in/mnpc/
44,Magalu,," 1.273,13",01/03/24,Monitor 21.5 Hikvision DS-D5022FN-C LED FHD HDMI/VGA,https://www.magazineluiza.com.br/monitor-21-5-hikvision-ds-d5022fn-c-led-fhd-hdmi-vga/p/ga92783h4g/in/mnpc/
45,Magalu,," 1.041,28",01/03/24,Monitor Lg Led 21.5 22Mk400H Wide Fullhd Hdmi 22Mk400H-BAwzm,https://www.magazineluiza.com.br/monitor-lg-led-21-5-22mk400h-wide-fullhd-hdmi-22mk400h-bawzm-lg-informatica/p/ckbj89jaak/in/mnpc/
46,Magalu,," 539,10",01/03/24,"Monitor HQ Led Full HD Widescreen 21.5"" Preto HDMI",https://www.magazineluiza.com.br/monitor-hq-led-full-hd-widescreen-21-5-preto-hdmi/p/dg653521j5/in/mnpc/
47,Magalu,," 872,00",01/03/24,"Monitor AOC 21.5' LED, Wide, Full HD, HDMI/VGA, VESA - E2270SWHEN",https://www.magazineluiza.com.br/monitor-aoc-21-5-led-wide-full-hd-hdmi-vga-vesa-e2270swhen/p/eaj9ffec5h/in/mnpc/
48,Magalu,," 860,86",01/03/24,Monitor Led 1920X1080 Mnbox 21.5 Led Hdmi D-Mn003,https://www.magazineluiza.com.br/monitor-led-1920x1080-mnbox-21-5-led-hdmi-d-mn003-alinee/p/fa13khf8ah/in/mnpc/
49,Magalu,," 1.164,00",01/03/24,"Monitor AOC 21.5' LED, Wide, Full HD, HDMI/VGA, VESA - E2270SWHEN",https://www.magazineluiza.com.br/monitor-aoc-21-5-led-wide-full-hd-hdmi-vga-vesa-e2270swhen/p/chh5j081d1/in/mnpc/
50,Magalu,," 1.535,00",01/03/24,Monitor Led Zkteco Hd Preto De Zd22 2K 21.5'' Full,https://www.magazineluiza.com.br/monitor-led-zkteco-hd-preto-de-zd22-2k-21-5-full/p/aa8f5a05ak/in/mnpc/
51,Magalu,," 1.535,00",01/03/24,Monitor Led Zkteco Hd Preto De Zd22 2K 21.5'' Full,https://www.magazineluiza.com.br/monitor-led-zkteco-hd-preto-de-zd22-2k-21-5-full/p/jfd492f96h/in/mnpc/
52,Magalu,," 2.699,00",01/03/24,Monitor Dell 21.5 Usb-c P2223hc,https://www.magazineluiza.com.br/monitor-dell-21-5-usb-c-p2223hc/p/eh1e7e49c1/in/mnpc/
53,Magalu,," 944,36",01/03/24,Monitor Lg Led 21.5 22Mk400H Wide Fullhd Hdmi 22Mk400H-BAwzm,https://www.magazineluiza.com.br/monitor-lg-led-21-5-22mk400h-wide-fullhd-hdmi-22mk400h-bawzm-lg-informatica/p/gdb73c4c1g/in/mnpc/
54,Magalu,," 1.448,00",01/03/24,Monitor Lg 22Mp410 Hd Hdmi Vga De Bb Full 21.5 Pol,https://www.magazineluiza.com.br/monitor-lg-22mp410-hd-hdmi-vga-de-bb-full-21-5-pol/p/dhake67h2k/in/mnpc/
55,Magalu,," 860,00",01/03/24,Monitor Led 1920x1080 Mnbox 21.5 Led Hdmi D-mn003,https://www.magazineluiza.com.br/monitor-led-1920x1080-mnbox-21-5-led-hdmi-d-mn003-alinee/p/chk4g7d444/in/mnpc/
56,Magalu,," 760,31",01/03/24,"Monitor gamer FULL HD Samsung 21.5"" 60Hz 5ms LS22F350FH",https://www.magazineluiza.com.br/monitor-gamer-full-hd-samsung-21-5-60hz-5ms-ls22f350fh/p/ebkb9226jj/in/mogm/
57,Magalu,," 760,31",01/03/24,"Monitor gamer Samsung FULL HD 21.5"" 60Hz 5ms LS22F350FH",https://www.magazineluiza.com.br/monitor-gamer-samsung-full-hd-21-5-60hz-5ms-ls22f350fh/p/jkd2db90ak/in/mogm/
58,Magalu,," 708,09",01/03/24,Monitor Gamer Redragon Thugga 21.5” 75Hz LED FHD 7ms - BM21V13,https://www.magazineluiza.com.br/monitor-gamer-redragon-thugga-21-5-75hz-led-fhd-7ms-bm21v13/p/ddk48hf179/in/mogm/
59,Magalu,," 809,41",01/03/24,Monitor Gamer Redragon Thugga 21.5 75Hz Led Fhd 7Ms Bm21V13,https://www.magazineluiza.com.br/monitor-gamer-redragon-thugga-21-5-75hz-led-fhd-7ms-bm21v13/p/ac79bba1jk/in/mogm/
60,Magalu,," 809,41",01/03/24,Monitor Gamer Redragon Thugga 21.5 75Hz Led Fhd 7Ms Bm21V13,https://www.magazineluiza.com.br/monitor-gamer-redragon-thugga-21-5-75hz-led-fhd-7ms-bm21v13/p/djh98k177j/in/mogm/
61,Magalu,," 649,00",01/03/24,"Monitor AOC 21.5' LED, Wide, Full HD, HDMI/VGA, VESA - E2270SWHEN",https://www.magazineluiza.com.br/monitor-aoc-21-5-led-wide-full-hd-hdmi-vga-vesa-e2270swhen/p/cdj5dge802/in/mnpc/
62,Magalu,," 1.004,40",01/03/24,Monitor Acer G215Hv Hd Vga De Full 21.5 Pol,https://www.magazineluiza.com.br/monitor-acer-g215hv-hd-vga-de-full-21-5-pol/p/jf7ca78386/in/mnpc/
63,Magalu,," 667,38",01/03/24,Monitor gamer redragon thugga bm21v13 21.5 75hz led fhd hdmi,https://www.magazineluiza.com.br/monitor-gamer-redragon-thugga-bm21v13-21-5-75hz-led-fhd-hdmi/p/hdf1a7db32/in/mogm/
64,Magalu,," 1.448,00",01/03/24,Monitor Lg 22Mp410 Hd Hdmi Vga De Bb Full 21.5 Pol,https://www.magazineluiza.com.br/monitor-lg-22mp410-hd-hdmi-vga-de-bb-full-21-5-pol/p/ke89j14876/in/mnpc/
65,Magalu,," 1.448,00",01/03/24,Monitor Lg 22Mp410 Hd Hdmi Vga De Bb Full 21.5 Pol,https://www.magazineluiza.com.br/monitor-lg-22mp410-hd-hdmi-vga-de-bb-full-21-5-pol/p/ge51b507ag/in/mnpc/
66,Magalu,," 560,50",01/03/24,Monitor Led 1920x1080 21.5 Led Hdmi D-mn003,https://www.magazineluiza.com.br/monitor-led-1920x1080-21-5-led-hdmi-d-mn003-mnbox/p/he5e53jcb9/in/mnpc/
67,Magalu,," 531,50",01/03/24,MONITOR LED 21.5 22W-75KAN FHD 75Hz PRETO WIDESCREEN,https://www.magazineluiza.com.br/monitor-led-21-5-22w-75kan-fhd-75hz-preto-widescreen-brazil-pc/p/bj3fjdjh86/in/mnpc/
68,Magalu,," 767,26",01/03/24,Monitor Gamer Redragon Thugga 21.5 75Hz Led Fhd 7Ms Bm21V13,https://www.magazineluiza.com.br/monitor-gamer-redragon-thugga-21-5-75hz-led-fhd-7ms-bm21v13/p/bkcea892k1/in/mogm/
69,Magalu,," 682,40",01/03/24,"Monitor pcfort t215 21.5"" led vga hdmi vesa",https://www.magazineluiza.com.br/monitor-pcfort-t215-21-5-led-vga-hdmi-vesa/p/jh2b23ce5e/in/mnpc/
70,Magalu,," 541,24",01/03/24,"Monitor Led 21.5 BrazilPC AP22W 75hz, Preto, Widescreen",https://www.magazineluiza.com.br/monitor-led-21-5-brazilpc-ap22w-75hz-preto-widescreen-brazil-pc/p/af5j1abj58/in/mnpc/
71,Magalu,," 1.450,00",01/03/24,Monitor Lg 22Mp410 Hd Led Preto De B 21.5 Pol Full 75Hz 5Ms,https://www.magazineluiza.com.br/monitor-lg-22mp410-hd-led-preto-de-b-21-5-pol-full-75hz-5ms/p/jh036g59e9/in/mnpc/
72,Magalu,," 611,09",01/03/24,"Monitor AOC 21.5' LED, Wide, Full HD, HDMI/VGA, VESA - E2270SWHEN",https://www.magazineluiza.com.br/monitor-aoc-21-5-led-wide-full-hd-hdmi-vga-vesa-e2270swhen/p/jjhkj7ff33/in/mnpc/
73,Magalu,," 1.404,41",01/03/24,"Monitor Acer 21.5"" V226HQL Bbi LCD LED Full HD/VGA/HDMI - Bivolt",https://www.magazineluiza.com.br/monitor-acer-21-5-v226hql-bbi-lcd-led-full-hd-vga-hdmi-bivolt/p/hbj19e8b4b/in/mnpc/
74,Magalu,," 1.448,00",01/03/24,Monitor Lg 22Mp410 Hd Hdmi Vga De Bb Full 21.5 Pol,https://www.magazineluiza.com.br/monitor-lg-22mp410-hd-hdmi-vga-de-bb-full-21-5-pol/p/ehd8a6887a/in/mnpc/
75,Magalu,," 863,30",01/03/24,"Monitor Acer 21.5, LED, HDMI/VGA, Full HD, VESA, 75Hz, FreeSync,ZeroFrame",https://www.magazineluiza.com.br/monitor-acer-21-5-led-hdmi-vga-full-hd-vesa-75hz-freesync-zeroframe/p/aahhge8a6h/in/mnpc/
76,Magalu,," 640,19",01/03/24,"Monitor AOC 21.5' LED, Wide, Full HD, HDMI/VGA, VESA - E2270SWHEN",https://www.magazineluiza.com.br/monitor-aoc-21-5-led-wide-full-hd-hdmi-vga-vesa-e2270swhen/p/bg81802b0g/in/mnpc/
77,Magalu,," 1.299,00",01/03/24,"Monitor aoc para pc 21.5"" led slim, full hd, 60hz - widescreen, hdmi/vga- e2270swhen",https://www.magazineluiza.com.br/monitor-aoc-para-pc-21-5-led-slim-full-hd-60hz-widescreen-hdmi-vga-e2270swhen/p/fe11gbdjgh/in/mnpc/
78,Magalu,," 1.274,11",01/03/24,"Monitor Acer 21.5"" V226HQL Bbi LCD LED Full HD/VGA/HDMI - Bivolt",https://www.magazineluiza.com.br/monitor-acer-21-5-v226hql-bbi-lcd-led-full-hd-vga-hdmi-bivolt/p/jc6dkf7k2a/in/mnpc/
79,Magalu,," 838,95",01/03/24,Monitor Lg Led 21.5 22mk400h Wide Fullhd Hdmi 22mk400h-b.awzm Preto,https://www.magazineluiza.com.br/monitor-lg-led-21-5-22mk400h-wide-fullhd-hdmi-22mk400h-b-awzm-preto/p/ca28c3cb3d/in/mnpc/
80,Magalu,," 1.450,00",01/03/24,Monitor Lg 22Mp410 Hd Led Preto De B 21.5 Pol Full 75Hz 5Ms,https://www.magazineluiza.com.br/monitor-lg-22mp410-hd-led-preto-de-b-21-5-pol-full-75hz-5ms/p/kfbkfd4b76/in/mnpc/
81,Magalu,," 614,00",01/03/24,"Monitor AOC 21.5' LED, Wide, Full HD, HDMI/VGA, VESA - E2270SWHEN",https://www.magazineluiza.com.br/monitor-aoc-21-5-led-wide-full-hd-hdmi-vga-vesa-e2270swhen/p/ka9kefbbke/in/mnpc/
82,Magalu,," 599,56",01/03/24,"Monitor LED 21,5 Polegadas MR-215 - C3Tech",https://www.magazineluiza.com.br/monitor-led-215-polegadas-mr-215-c3tech/p/dkba69hhk7/in/mnpc/
83,Magalu,," 684,54",01/03/24,Monitor HQ 21.5HQ-LED 21.5 LED HDMI VGA 1920x1080 Preto,https://www.magazineluiza.com.br/monitor-hq-21-5hq-led-21-5-led-hdmi-vga-1920x1080-preto/p/bk1j9c7495/in/mnpc/
84,Magalu,," 754,49",01/03/24,Monitor HQ 21.5HQ-LED 21.5 LED HDMI VGA 1920x1080 Preto,https://www.magazineluiza.com.br/monitor-hq-21-5hq-led-21-5-led-hdmi-vga-1920x1080-preto/p/fjgk2cff8h/in/mnpc/
85,Magalu,," 605,48",01/03/24,"Monitor Soyo 21.5"" Led Ips Full Hd, Hdmi, Vga - Sm215-l01",https://www.magazineluiza.com.br/monitor-soyo-21-5-led-ips-full-hd-hdmi-vga-sm215-l01/p/jcjhgecb08/in/mnpc/
86,Magalu,," 1.450,00",01/03/24,Monitor Lg 22Mp410 Hd Led Preto De B 21.5 Pol Full 75Hz 5Ms,https://www.magazineluiza.com.br/monitor-lg-22mp410-hd-led-preto-de-b-21-5-pol-full-75hz-5ms/p/ce203kfjak/in/mnpc/
87,Magalu,," 1.006,20",01/03/24,Monitor Acer G215Hv Hd Lcd Preto De 21.5 Pol Full 60Hz 5Ms,https://www.magazineluiza.com.br/monitor-acer-g215hv-hd-lcd-preto-de-21-5-pol-full-60hz-5ms/p/ag3c49461g/in/mnpc/
88,Magalu,," 1.137,60",01/03/24,Monitor Darkflash A229W Hd Vga Hdmi Preto De Tela 21.5 Pol Full 5Ms,https://www.magazineluiza.com.br/monitor-darkflash-a229w-hd-vga-hdmi-preto-de-tela-21-5-pol-full-5ms/p/edgje18c05/in/mnpc/
89,Magalu,," 630,50",01/03/24,"Monitor AOC 21.5' LED, Wide, Full HD, HDMI/VGA, VESA - E2270SWHEN",https://www.magazineluiza.com.br/monitor-aoc-21-5-led-wide-full-hd-hdmi-vga-vesa-e2270swhen/p/bj49kdf7ef/in/mnpc/
90,Magalu,," 1.450,00",01/03/24,Monitor Lg 22Mp410 Hd Led Preto De B 21.5 Pol Full 75Hz 5Ms,https://www.magazineluiza.com.br/monitor-lg-22mp410-hd-led-preto-de-b-21-5-pol-full-75hz-5ms/p/aeg43g9bh2/in/mnpc/
91,Magalu,," 653,00",01/03/24,"Monitor AOC 21.5' LED, Wide, Full HD, HDMI/VGA, VESA - E2270SWHEN",https://www.magazineluiza.com.br/monitor-aoc-21-5-led-wide-full-hd-hdmi-vga-vesa-e2270swhen/p/fga6hb7ajb/in/mnpc/
92,Magalu,," 996,81",01/03/24,Monitor Lg Led 21.5 22Mk400H Wide Fullhd Hdmi 22Mk400H-BAwzm,https://www.magazineluiza.com.br/monitor-lg-led-21-5-22mk400h-wide-fullhd-hdmi-22mk400h-bawzm-lg-informatica/p/hch82hhe05/in/mnpc/
93,Magalu,," 1.535,00",01/03/24,Monitor Led Zkteco Hd Preto De Zd22 2K 21.5'' Full,https://www.magazineluiza.com.br/monitor-led-zkteco-hd-preto-de-zd22-2k-21-5-full/p/dg9df2868e/in/mnpc/
94,Magalu,," 1.142,66",01/03/24,Monitor Led Acer Hd Preto De V226Hql 21.5 Pol Full,https://www.magazineluiza.com.br/monitor-led-acer-hd-preto-de-v226hql-21-5-pol-full/p/fa9h0a4568/in/mnpc/
95,Magalu,," 1.381,50",01/03/24,Monitor Led Zkteco Hd Preto De Zd22 2K 21.5'' Full,https://www.magazineluiza.com.br/monitor-led-zkteco-hd-preto-de-zd22-2k-21-5-full/p/bd7bg47529/in/mnpc/
96,Magalu,," 1.246,88",01/03/24,Monitor 21.5 Hikvision DS-D5022FN-C LED FHD HDMI/VGA,https://www.magazineluiza.com.br/monitor-21-5-hikvision-ds-d5022fn-c-led-fhd-hdmi-vga/p/ckbd3k5fbg/in/mnpc/
97,Magalu,," 998,10",01/03/24,Monitor Acer Led Hd De 21.5 Pol S212Hl Wide Full,https://www.magazineluiza.com.br/monitor-acer-led-hd-de-21-5-pol-s212hl-wide-full/p/fcj2hf3585/in/mnpc/
98,Magalu,," 1.535,00",01/03/24,Monitor Led Zkteco Hd Preto De Zd22 2K 21.5'' Full,https://www.magazineluiza.com.br/monitor-led-zkteco-hd-preto-de-zd22-2k-21-5-full/p/ekc4bc2f6a/in/mnpc/
99,Magalu,," 1.094,40",01/03/24,Monitor Acer V226Hql Hd Led Preto De Bbi 21.5 Pol Full 60Hz 5Ms,https://www.magazineluiza.com.br/monitor-acer-v226hql-hd-led-preto-de-bbi-21-5-pol-full-60hz-5ms/p/djfdbfg9jh/in/mnpc/
100,Magalu,," 1.118,00",01/03/24,Monitor Acer Lcd De 21.5 Pol G215Hv Wide,https://www.magazineluiza.com.br/monitor-acer-lcd-de-21-5-pol-g215hv-wide/p/hh2hh2404e/in/mnpc/
101,Magalu,," 629,99",01/03/24,"Monitor TGT ST21.5, 21.5 Pol., TN, FHD, 5ms, 60Hz, TGT-ST215-BL01",https://www.magazineluiza.com.br/monitor-tgt-st21-5-21-5-pol-tn-fhd-5ms-60hz-tgt-st215-bl01/p/ae5k1b2fa6/in/mnpc/
102,Magalu,," 691,15",01/03/24,"Monitor Led 21,5 Polegadas Mr-215 C3Tech",https://www.magazineluiza.com.br/monitor-led-215-polegadas-mr-215-c3tech/p/cbh6h241f0/in/mnpc/
103,Magalu,," 757,57",01/03/24,"Monitor AOC 21.5' LED, Wide, Full HD, HDMI/VGA,VESA-E2270SWHEN",https://www.magazineluiza.com.br/monitor-aoc-21-5-led-wide-full-hd-hdmi-vga-vesa-e2270swhen/p/je7g4d9aee/in/mnpc/
104,Magalu,," 745,62",01/03/24,Monitor Gamer Redragon Thugga 21.5 75Hz Led Fhd 7Ms Bm21V13,https://www.magazineluiza.com.br/monitor-gamer-redragon-thugga-21-5-75hz-led-fhd-7ms-bm21v13/p/bc2dd8kja9/in/mogm/
105,Magalu,," 730,42",01/03/24,"Monitor AOC 21.5' LED, Wide, Full HD, HDMI/VGA, VESA",https://www.magazineluiza.com.br/monitor-aoc-21-5-led-wide-full-hd-hdmi-vga-vesa/p/hbc5644a31/in/mnpc/
106,Magalu,," 1.264,00",01/03/24,Monitor Darkflash A229W Hd Vga Hdmi Preto De Tela 21.5 Pol Full 5Ms,https://www.magazineluiza.com.br/monitor-darkflash-a229w-hd-vga-hdmi-preto-de-tela-21-5-pol-full-5ms/p/fh323d3454/in/mnpc/
107,Magalu,," 1.264,00",01/03/24,Monitor Darkflash A229W Hd Vga Hdmi Preto De Tela 21.5 Pol Full 5Ms,https://www.magazineluiza.com.br/monitor-darkflash-a229w-hd-vga-hdmi-preto-de-tela-21-5-pol-full-5ms/p/eg7d3f4b3d/in/mnpc/
108,Magalu,," 1.246,00",01/03/24,Monitor Led Lg Hd De 22Mp410 B 21.5 Pol Full,https://www.magazineluiza.com.br/monitor-led-lg-hd-de-22mp410-b-21-5-pol-full/p/bec230bj34/in/mnpc/
109,Magalu,," 1.246,00",01/03/24,Monitor Led Lg Hd De 22Mp410 B 21.5 Pol Full,https://www.magazineluiza.com.br/monitor-led-lg-hd-de-22mp410-b-21-5-pol-full/p/kh0jbfk761/in/mnpc/
110,Magalu,," 1.264,00",01/03/24,Monitor Darkflash A229W Hd Vga Hdmi Preto De Tela 21.5 Pol Full 5Ms,https://www.magazineluiza.com.br/monitor-darkflash-a229w-hd-vga-hdmi-preto-de-tela-21-5-pol-full-5ms/p/fh5dkf4g3b/in/mnpc/
111,Magalu,," 1.264,00",01/03/24,Monitor Darkflash A229W Hd Vga Hdmi Preto De Tela 21.5 Pol Full 5Ms,https://www.magazineluiza.com.br/monitor-darkflash-a229w-hd-vga-hdmi-preto-de-tela-21-5-pol-full-5ms/p/ee497gh4f5/in/mnpc/
112,Magalu,," 1.246,00",01/03/24,Monitor Led Lg Hd De 22Mp410 B 21.5 Pol Full,https://www.magazineluiza.com.br/monitor-led-lg-hd-de-22mp410-b-21-5-pol-full/p/gd5aj08c0h/in/mnpc/
113,Magalu,," 1.161,16",01/03/24,Monitor aoc led e2270swhen 21.5 hdmi vga vesa,https://www.magazineluiza.com.br/monitor-aoc-led-e2270swhen-21-5-hdmi-vga-vesa/p/hajhgfcgh5/in/mnpc/
114,Magalu,," 1.155,00",01/03/24,Monitor 21.5 Hikvision DS-D5022FN-C LED FHD HDMI/VGA,https://www.magazineluiza.com.br/monitor-21-5-hikvision-ds-d5022fn-c-led-fhd-hdmi-vga/p/ca964d7a81/in/mnpc/
115,Magalu,," 1.246,00",01/03/24,Monitor Led Lg Hd De 22Mp410 B 21.5 Pol Full,https://www.magazineluiza.com.br/monitor-led-lg-hd-de-22mp410-b-21-5-pol-full/p/dc0eajd4jc/in/mnpc/
116,Magalu,," 1.109,00",01/03/24,Monitor Acer Led Hd De 21.5 Pol S212Hl Wide Full,https://www.magazineluiza.com.br/monitor-acer-led-hd-de-21-5-pol-s212hl-wide-full/p/ea44dh8414/in/mnpc/
117,Magalu,," 1.513,80",01/03/24,"Monitor LG 22MP410-BB - Full HD - HDMI/VGA - 21.5""",https://www.magazineluiza.com.br/monitor-lg-22mp410-bb-full-hd-hdmi-vga-21-5/p/cbhg7c0j4k/in/mnpc/
118,Magalu,," 1.623,75",01/03/24,"Monitor LCD 21.5"" Lenovo ThinkVision E22E-18 VGA/HDMI 61FAKBR1BR 33480",https://www.magazineluiza.com.br/monitor-lcd-21-5-lenovo-thinkvision-e22e-18-vga-hdmi-61fakbr1br-33480/p/abj50b97cc/in/mnpc/
119,Magalu,," 1.482,59",01/03/24,"Monitor LG 22MP410-BB - Full HD - HDMI/VGA - 21.5""",https://www.magazineluiza.com.br/monitor-lg-22mp410-bb-full-hd-hdmi-vga-21-5/p/dfdf2b2a14/in/mnpc/
120,Magalu,," 1.109,00",01/03/24,Monitor Acer Led Hd De 21.5 Pol S212Hl Wide Full,https://www.magazineluiza.com.br/monitor-acer-led-hd-de-21-5-pol-s212hl-wide-full/p/ehbcc13351/in/mnpc/
121,Magalu,," 1.009,00",01/03/24,Monitor 21.5 polegadas Wide FullHD HDMI Vesa e2270Swhen Preto AOC,https://www.magazineluiza.com.br/monitor-21-5-polegadas-wide-fullhd-hdmi-vesa-e2270swhen-preto-aoc/p/dk02dbg50g/in/mnpc/
122,Magalu,," 1.022,28",01/03/24,Monitor AOC LED IPS 21.5 Polegadas Wide Antirreflexo HDMI VGA 22P2ES,https://www.magazineluiza.com.br/monitor-aoc-led-ips-21-5-polegadas-wide-antirreflexo-hdmi-vga-22p2es/p/ae4hjf8ja9/in/mnpc/
123,Magalu,," 1.118,00",01/03/24,Monitor Acer Lcd De 21.5 Pol G215Hv Wide,https://www.magazineluiza.com.br/monitor-acer-lcd-de-21-5-pol-g215hv-wide/p/jdkj475bbe/in/mnpc/
124,Magalu,," 1.118,00",01/03/24,Monitor Acer Lcd De 21.5 Pol G215Hv Wide,https://www.magazineluiza.com.br/monitor-acer-lcd-de-21-5-pol-g215hv-wide/p/eeg4k8c2d5/in/mnpc/
125,Magalu,," 996,81",01/03/24,Monitor Lg Led 21.5 22Mk400H Wide Fullhd Hdmi 22Mk400H-BAwzm,https://www.magazineluiza.com.br/monitor-lg-led-21-5-22mk400h-wide-fullhd-hdmi-22mk400h-bawzm-lg-informatica/p/bjefh9bbf0/in/mnpc/
126,Magalu,," 1.118,00",01/03/24,Monitor Acer Lcd De 21.5 Pol G215Hv Wide,https://www.magazineluiza.com.br/monitor-acer-lcd-de-21-5-pol-g215hv-wide/p/hd65fgb4aa/in/mnpc/
127,Magalu,," 1.373,35",01/03/24,"Monitor LG 22MP410-BB - Full HD - HDMI/VGA - 21.5""",https://www.magazineluiza.com.br/monitor-lg-22mp410-bb-full-hd-hdmi-vga-21-5/p/bj969f2150/in/mnpc/
128,Magalu,," 1.250,04",01/03/24,"Computador Completo TOB Intel Core i5 com SSD 120GB Memória 4GB Windows 10 Pro Trial + Teclado e Mouse +Monitor 21.5"" Desktop CPU",https://www.magazineluiza.com.br/computador-completo-tob-intel-core-i5-com-ssd-120gb-memoria-4gb-windows-10-pro-trial-teclado-e-mouse-monitor-21-5-desktop-cpu-tob-computers/p/gf50f8d7g7/in/cptd/
129,Magalu,," 32,90",01/03/24,Controle para Tv Monitor 21.5 T22c310lb T24c310lb,https://www.magazineluiza.com.br/controle-para-tv-monitor-21-5-t22c310lb-t24c310lb-vil/p/ajgah71dfd/et/cttv/
130,Magalu,," 1.717,25",01/03/24,Computador Gamer completo Intel Core i7 16GB de Memória SSD 240GB Placa de Video Geforce 4GB Monitor 21.5,https://www.magazineluiza.com.br/computador-gamer-completo-intel-core-i7-16gb-de-memoria-ssd-240gb-placa-de-video-geforce-4gb-monitor-21-5-tob-computers/p/dgccjdj4j1/in/cptd/
131,Magalu,," 1.664,95",01/03/24,Computador Gamer TOB Core i5 SSD 480GB 16GB VGA GT730 4GB Windows 10 Pro Trial + Teclado/Mouse + Mouse Pad + Headset + Monitor 21.5,https://www.magazineluiza.com.br/computador-gamer-tob-core-i5-ssd-480gb-16gb-vga-gt730-4gb-windows-10-pro-trial-teclado-mouse-mouse-pad-headset-monitor-21-5-tob-computers/p/kkd9ab3544/in/cptd/
132,Magalu,," 2.592,55",01/03/24,"Computador Completo TOB Intel Core i5 10400f com SSD 480GB Memória 16GB VGA 1GB Windows 10 Pro Trial + Teclado e Mouse + Monitor 21.5""",https://www.magazineluiza.com.br/computador-completo-tob-intel-core-i5-10400f-com-ssd-480gb-memoria-16gb-vga-1gb-windows-10-pro-trial-teclado-e-mouse-monitor-21-5-tob-computers/p/db3e68c0hg/in/cptd/
133,Magalu,," 1.884,66",01/03/24,Computador Gamer TOB Core i7 SSD 960GB 16GB VGA GT730 4GB Windows 10 Pro Trial + Teclado/Mouse + Mouse Pad + Headset + Monitor 21.5,https://www.magazineluiza.com.br/computador-gamer-tob-core-i7-ssd-960gb-16gb-vga-gt730-4gb-windows-10-pro-trial-teclado-mouse-mouse-pad-headset-monitor-21-5-tob-computers/p/fg8d9b5bdf/in/gbpc/
134,Magalu,," 1.105,75",01/03/24,"Computador Completo TOB Intel Core i5 com SSD 120GB Memória 4GB Windows 10 Pro Trial + Teclado e Mouse +Monitor 21.5"" Desktop CPU",https://www.magazineluiza.com.br/computador-completo-tob-intel-core-i5-com-ssd-120gb-memoria-4gb-windows-10-pro-trial-teclado-e-mouse-monitor-21-5-desktop-cpu-tob-computers/p/ag8hf1e8bc/in/cptd/
135,Magalu,," 3.492,65",01/03/24,Computador Completo TOB Intel Core i7 10700f com Wi-Fi SSD 960GB Memória 16GB VGA 1GB Windows 10 Pro Trial+Teclado e Mouse +Monitor 21.5,https://www.magazineluiza.com.br/computador-completo-tob-intel-core-i7-10700f-com-wi-fi-ssd-960gb-memoria-16gb-vga-1gb-windows-10-pro-trial-teclado-e-mouse-monitor-21-5-tob-computers/p/cjhdb3fef1/in/cptd/
136,Magalu,," 3.525,05",01/03/24,Computador Completo TOB Intel Core i7 10700f com SSD 960GB Memória 16GB VGA 1GB Windows 10 Pro Trial + Teclado e Mouse + Monitor 21.5,https://www.magazineluiza.com.br/computador-completo-tob-intel-core-i7-10700f-com-ssd-960gb-memoria-16gb-vga-1gb-windows-10-pro-trial-teclado-e-mouse-monitor-21-5-tob-computers/p/bg4c7hg0b3/in/cptd/
137,Magalu,," 3.201,02",01/03/24,Computador Completo TOB Intel Core i7 10700f com Wi-Fi SSD 240GB Memória 8GB VGA 1GB Windows 10 Pro Trial +Teclado e Mouse +Monitor 21.5,https://www.magazineluiza.com.br/computador-completo-tob-intel-core-i7-10700f-com-wi-fi-ssd-240gb-memoria-8gb-vga-1gb-windows-10-pro-trial-teclado-e-mouse-monitor-21-5-tob-computers/p/ffe4bge4ae/in/cptd/
138,Magalu,," 3.353,64",01/03/24,Computador Completo TOB Intel Core i7 10700f com SSD 480GB Memória 16GB VGA 1GB Windows 10 Pro Trial + Teclado e Mouse + Monitor 21.5,https://www.magazineluiza.com.br/computador-completo-tob-intel-core-i7-10700f-com-ssd-480gb-memoria-16gb-vga-1gb-windows-10-pro-trial-teclado-e-mouse-monitor-21-5-tob-computers/p/ae1968bc9h/in/cptd/
139,Magalu,," 1.986,24",01/03/24,"Computador ark, i7 860, 16gb, ssd 480gb, monitor 21.5",https://www.magazineluiza.com.br/computador-ark-i7-860-16gb-ssd-480gb-monitor-21-5/p/hgbf5k4bb7/in/cptd/
140,Magalu,," 1.239,00",01/03/24,"Kit Monitor Dell de 21.5"" SE2222H + Mouse sem fio MS3320W",https://www.magazineluiza.com.br/kit-monitor-dell-de-21-5-se2222h-mouse-sem-fio-ms3320w-brand/p/ha12829a13/in/rato/
141,Magalu,," 2.201,45",01/03/24,Rack Titanium TY-215 Ideal Para Teclados Native Instruments Com Suporte Para Monitor de Áudio,https://www.magazineluiza.com.br/rack-titanium-ty-215-ideal-para-teclados-native-instruments-com-suporte-para-monitor-de-audio-titanium-racks/p/dd73c0abjb/mo/racm/
142,Magalu,," 1.155,98",01/03/24,"Computador Completo TOB Intel Core i3 com Wi-Fi SSD 120GB Memória 4GB Windows 10 Pro Trial +Teclado e Mouse +Monitor 21.5"" Desktop",https://www.magazineluiza.com.br/computador-completo-tob-intel-core-i3-com-wi-fi-ssd-120gb-memoria-4gb-windows-10-pro-trial-teclado-e-mouse-monitor-21-5-desktop-tob-computers/p/bag5k1k55j/in/cptd/
143,Magalu,," 2.023,26",01/03/24,Computador Gamer TOB Core i7 SSD 480GB 16GB VGA GT730 4GB Windows 10 Pro Trial + Teclado/Mouse + Mouse Pad + Headset + Monitor 21.5,https://www.magazineluiza.com.br/computador-gamer-tob-core-i7-ssd-480gb-16gb-vga-gt730-4gb-windows-10-pro-trial-teclado-mouse-mouse-pad-headset-monitor-21-5-tob-computers/p/gh5e1g4dad/in/cptd/
144,Magalu,," 1.697,37",01/03/24,Computador Gamer TOB Core i5 SSD 960GB 16GB VGA GT730 4GB Windows 10 Pro Trial + Teclado/Mouse + Mouse Pad + Headset + Monitor 21.5,https://www.magazineluiza.com.br/computador-gamer-tob-core-i5-ssd-960gb-16gb-vga-gt730-4gb-windows-10-pro-trial-teclado-mouse-mouse-pad-headset-monitor-21-5-tob-computers/p/gcc0f2e607/in/cptd/
145,Magalu,," 1.488,63",01/03/24,Computador Gamer TOB Core i5 SSD 240GB 8GB VGA GT730 4GB Windows 10 Pro Trial + Teclado/Mouse + Mouse Pad + Headset + Monitor 21.5,https://www.magazineluiza.com.br/computador-gamer-tob-core-i5-ssd-240gb-8gb-vga-gt730-4gb-windows-10-pro-trial-teclado-mouse-mouse-pad-headset-monitor-21-5-tob-computers/p/da2240kf3j/in/cptd/
146,Magalu,," 2.362,28",01/03/24,"Kit PC Gamer Ryzen 5 4600G, 8GB Ram, SSD 240GB Fonte 500W, Monitor 21.5"", Kit Gamer, Neon",https://www.magazineluiza.com.br/kit-pc-gamer-ryzen-5-4600g-8gb-ram-ssd-240gb-fonte-500w-monitor-21-5-kit-gamer-neon-klv/p/egc108e6ge/in/cptd/
147,Magalu,," 3.331,77",01/03/24,Computador Completo TOB Intel Core i7 10700f com SSD 240GB Memória 8GB VGA 1GB Windows 10 Pro Trial + Teclado e Mouse + Monitor 21.5,https://www.magazineluiza.com.br/computador-completo-tob-intel-core-i7-10700f-com-ssd-240gb-memoria-8gb-vga-1gb-windows-10-pro-trial-teclado-e-mouse-monitor-21-5-tob-computers/p/bd08k565kc/in/cptd/
148,Magalu,," 2.428,41",01/03/24,"Computador Completo TOB Intel Core i5 10400f com SSD 240GB Memória 8GB VGA 1GB Windows 10 Pro Trial + Teclado e Mouse + Monitor 21.5""",https://www.magazineluiza.com.br/computador-completo-tob-intel-core-i5-10400f-com-ssd-240gb-memoria-8gb-vga-1gb-windows-10-pro-trial-teclado-e-mouse-monitor-21-5-tob-computers/p/kedjh5hc03/in/cptd/
149,Magalu,," 2.000,00",01/03/24,"Computador Completo I5 4590, 8GB DE MEMORIA, 240 SSD, MONITOR 21.5 75HZ",https://www.magazineluiza.com.br/computador-completo-i5-4590-8gb-de-memoria-240-ssd-monitor-21-5-75hz-fourtech/p/gjggh0fafk/in/cptd/
150,Magalu,," 1.695,00",01/03/24,"Computador Completo TOB Intel Core i7 com Wi-Fi SSD 240GB Memória 8GB Windows 10 Pro Trial + Teclado e Mouse + Monitor 21.5"" Desktop",https://www.magazineluiza.com.br/computador-completo-tob-intel-core-i7-com-wi-fi-ssd-240gb-memoria-8gb-windows-10-pro-trial-teclado-e-mouse-monitor-21-5-desktop-tob-computers/p/kjak807j3g/in/cptd/
151,Magalu,," 3.019,99",01/03/24,"Computador Completo Skill Pro Intel 12ª Geração Core i5 12400F 16GB DDR4 Placa de vídeo Geforce 2GB SSD 256GB Monitor 21.5"" LED SP-091",https://www.magazineluiza.com.br/computador-completo-skill-pro-intel-12a-geracao-core-i5-12400f-16gb-ddr4-placa-de-video-geforce-2gb-ssd-256gb-monitor-21-5-led-sp-091/p/gk31hh284j/in/cptd/
152,Magalu,," 2.180,61",01/03/24,Computador Completo TOB Intel Core i3 10100f com SSD 240GB Memória 8GB VGA 1GB Windows 10 Pro Trial + Teclado e Mouse + Monitor 21.5,https://www.magazineluiza.com.br/computador-completo-tob-intel-core-i3-10100f-com-ssd-240gb-memoria-8gb-vga-1gb-windows-10-pro-trial-teclado-e-mouse-monitor-21-5-tob-computers/p/ecd53g7bbe/in/cptd/
153,Magalu,," 6.891,78",01/03/24,"Pc Gamer I7-12400F, 16GB RAM, 480GB, RTX 3050 8GB, 700W, Monitor 21.5"", Kit Gamer Ktrok Sensation",https://www.magazineluiza.com.br/pc-gamer-i7-12400f-16gb-ram-480gb-rtx-3050-8gb-700w-monitor-21-5-kit-gamer-ktrok-sensation-klv/p/gb37098e98/in/tger/
154,Magalu,," 116,30",01/03/24,Fone Ouvido In-ear Dylan De 215 Monitor Palco Full Range,https://www.magazineluiza.com.br/fone-ouvido-in-ear-dylan-de-215-monitor-palco-full-range/p/fdhfg0474h/ea/focf/
155,Magalu,," 2.473,19",01/03/24,Computador Gamer TOB Core i7 SSD 960GB 16GB VGA GT730 4GB Windows 10 Pro Trial + Teclado/Mouse + Mouse Pad + Headset + Monitor 21.5,https://www.magazineluiza.com.br/computador-gamer-tob-core-i7-ssd-960gb-16gb-vga-gt730-4gb-windows-10-pro-trial-teclado-mouse-mouse-pad-headset-monitor-21-5-tob-computers/p/aec893e103/in/cptd/
156,Magalu,," 3.129,99",01/03/24,"Computador Completo Skill Pro Intel 12ª Geração Core i5 12400F 16GB DDR4 Placa de vídeo Geforce 2GB SSD 512GB Monitor 21.5"" LED SP-092",https://www.magazineluiza.com.br/computador-completo-skill-pro-intel-12a-geracao-core-i5-12400f-16gb-ddr4-placa-de-video-geforce-2gb-ssd-512gb-monitor-21-5-led-sp-092/p/cg9kd5da3k/in/cptd/
157,Magalu,," 581,03",01/03/24,Fone De Ouvido Kolt Com Fio In Ear Monitor IK-215 KOLT,https://www.magazineluiza.com.br/fone-de-ouvido-kolt-com-fio-in-ear-monitor-ik-215-kolt/p/bk3a7eec71/ea/focf/
158,Magalu,," 459,00",01/03/24,"Filtro de Privacidade Visumi para Monitor de 21.5""",https://www.magazineluiza.com.br/filtro-de-privacidade-visumi-para-monitor-de-21-5/p/hb2b9g125a/in/aprf/
159,Magalu,," 581,03",01/03/24,Fone De Ouvido Kolt Com Fio In Ear Monitor IK-215 KOLT,https://www.magazineluiza.com.br/fone-de-ouvido-kolt-com-fio-in-ear-monitor-ik-215-kolt/p/cbbb4ffjj0/ea/focf/
160,Magalu,," 116,30",01/03/24,Fone Ouvido In-ear Dylan De 215 Monitor Palco Full Range,https://www.magazineluiza.com.br/fone-ouvido-in-ear-dylan-de-215-monitor-palco-full-range/p/hh4b6a99ak/ea/focf/
161,Magalu,," 3.336,90",01/03/24,Computador Completo TOB Intel Core i7 10700f com Wi-Fi SSD 480GB Memória 16GB VGA 1GB Windows 10 Pro Trial+Teclado e Mouse +Monitor 21.5,https://www.magazineluiza.com.br/computador-completo-tob-intel-core-i7-10700f-com-wi-fi-ssd-480gb-memoria-16gb-vga-1gb-windows-10-pro-trial-teclado-e-mouse-monitor-21-5-tob-computers/p/dh63gga5c0/in/cptd/
162,Magalu,," 53,90",01/03/24,Controle Tv Monitor 21.5 T22C310Lb T24C310Lb,https://www.magazineluiza.com.br/controle-tv-monitor-21-5-t22c310lb-t24c310lb-vil/p/ek4hjj6f9k/et/cttv/
163,Magalu,," 1.530,05",01/03/24,Computador Gamer TOB Core i5 SSD 240GB 16GB VGA GT730 4GB Windows 10 Pro Trial + Teclado/Mouse + Mouse Pad + Headset + Monitor 21.5,https://www.magazineluiza.com.br/computador-gamer-tob-core-i5-ssd-240gb-16gb-vga-gt730-4gb-windows-10-pro-trial-teclado-mouse-mouse-pad-headset-monitor-21-5-tob-computers/p/ghdkj23a2j/in/cptd/
164,Magalu,," 1.291,00",01/03/24,"Computador Completo TOB Intel Core i5 com SSD 240GB Memória 4GB Windows 10 Pro Trial + Teclado e Mouse +Monitor 21.5"" Desktop CPU",https://www.magazineluiza.com.br/computador-completo-tob-intel-core-i5-com-ssd-240gb-memoria-4gb-windows-10-pro-trial-teclado-e-mouse-monitor-21-5-desktop-cpu-tob-computers/p/khggdcd4jb/in/cptd/
165,Magalu,," 3.286,85",01/03/24,"Computador Completo TOB Intel Core i5 10400f com SSD 960GB Memória 16GB VGA 1GB Windows 10 Pro Trial + Teclado e Mouse + Monitor 21.5""",https://www.magazineluiza.com.br/computador-completo-tob-intel-core-i5-10400f-com-ssd-960gb-memoria-16gb-vga-1gb-windows-10-pro-trial-teclado-e-mouse-monitor-21-5-tob-computers/p/agb9dc9f33/in/cptd/
166,Magalu,," 2.221,20",01/03/24,Computador Gamer completo Intel Core i7 16GB de Memória SSD 240GB Placa de Video Geforce 4GB Monitor 21.5,https://www.magazineluiza.com.br/computador-gamer-completo-intel-core-i7-16gb-de-memoria-ssd-240gb-placa-de-video-geforce-4gb-monitor-21-5-tob-computers/p/add3128egg/in/cptd/
167,Magalu,," 1.862,99",01/03/24,Computador Gamer TOB Core i7 SSD 480GB 16GB VGA GT730 4GB Windows 10 Pro Trial + Teclado/Mouse + Mouse Pad + Headset + Monitor 21.5,https://www.magazineluiza.com.br/computador-gamer-tob-core-i7-ssd-480gb-16gb-vga-gt730-4gb-windows-10-pro-trial-teclado-mouse-mouse-pad-headset-monitor-21-5-tob-computers/p/dj1ahcdfc9/in/cptd/
168,Magalu,," 1.156,23",01/03/24,"Computador Completo TOB Intel Core i5 com SSD 240GB Memória 4GB Windows 10 Pro Trial + Teclado e Mouse +Monitor 21.5"" Desktop CPU",https://www.magazineluiza.com.br/computador-completo-tob-intel-core-i5-com-ssd-240gb-memoria-4gb-windows-10-pro-trial-teclado-e-mouse-monitor-21-5-desktop-cpu-tob-computers/p/jcdgge68gh/in/cptd/
169,Magalu,," 1.348,37",01/03/24,"Computador Completo TOB Intel Core i7 com Wi-Fi SSD 240GB Memória 8GB Windows 10 Pro Trial + Teclado e Mouse + Monitor 21.5"" Desktop",https://www.magazineluiza.com.br/computador-completo-tob-intel-core-i7-com-wi-fi-ssd-240gb-memoria-8gb-windows-10-pro-trial-teclado-e-mouse-monitor-21-5-desktop-tob-computers/p/eb38gb4eea/in/cptd/
170,Magalu,," 119,99",01/03/24,Fone In Ear Monitor De Palco Com Bag 1 Drive DE-215 Branco,https://www.magazineluiza.com.br/fone-in-ear-monitor-de-palco-com-bag-1-drive-de-215-branco-dylan/p/aj4g8c8kh7/ea/focf/
171,Magalu,," 116,30",01/03/24,Fone Ouvido In-ear Dylan De 215 Monitor Palco Full Range,https://www.magazineluiza.com.br/fone-ouvido-in-ear-dylan-de-215-monitor-palco-full-range/p/ec796a2995/ea/focf/
172,Magalu,," 27,45",01/03/24,Controle Tv Monitor 21.5 T22C310Lb T24C310Lb,https://www.magazineluiza.com.br/controle-tv-monitor-21-5-t22c310lb-t24c310lb-vil/p/ajd27c7gjb/et/cttv/
